{
  "nastaveniItems": [
    {
      "item": "I'll compress the 1080p RSS alarm, that should monitor the SMTP program!",
      "checked": false,
      "children": []
    },
    {
      "item": "I'll reboot the solid state HDD system, that should program the AGP program!",
      "checked": false,
      "children": []
    },
    {
      "item": "Use the auxiliary THX panel, then you can copy the back-end bandwidth!",
      "checked": true,
      "children": [
        {
          "item": "I'll reboot the mobile GB firewall, that should port the SQL array!",
          "checked": false,
          "children": []
        },
        {
          "item": "We need to generate the virtual FTP circuit!",
          "checked": false,
          "children": []
        }
      ]
    },
    {
      "item": "The SAS matrix is down, transmit the wireless interface so we can transmit the ADP bus!",
      "checked": false,
      "children": []
    },
    {
      "item": "The JSON sensor is down, copy the back-end program so we can index the PNG monitor!",
      "checked": false,
      "children": []
    },
    {
      "item": "Try to navigate the EXE card, maybe it will compress the online bandwidth!",
      "checked": true,
      "children": [
        {
          "item": "The XML panel is down, back up the mobile interface so we can reboot the JBOD transmitter!",
          "checked": false,
          "children": []
        },
        {
          "item": "We need to hack the open-source RAM sensor!",
          "checked": false,
          "children": [
            {
              "item": "You can't copy the matrix without programming the optical RSS card!",
              "checked": true,
              "children": []
            },
            {
              "item": "I'll hack the open-source SMTP feed, that should driver the IB firewall!",
              "checked": true,
              "children": [
                {
                  "item": "If we hack the card, we can get to the GB system through the redundant CSS program!",
                  "checked": false,
                  "children": []
                },
                {
                  "item": "If we navigate the matrix, we can get to the SAS microchip through the auxiliary XSS transmitter!",
                  "checked": true,
                  "children": []
                }
              ]
            }
          ]
        }
      ]
    }
  ]
}