{
  "nastaveniItems": [
    {
      "item":"I'll compress the 1080p RSS alarm, that should monitor the SMTP program!",
      "id": "port",
      "checked":false,
      "children":[
        
      ]
    },
    {
      "item":"I'll reboot the solid state HDD system, that should program the AGP program!",
      "id": "sensor",
      "checked":false,
      "children":[
        
      ]
    },
    {
      "item":"Use the auxiliary THX panel, then you can copy the back-end bandwidth!",
      "id": "circuit",
      "checked":true,
      "children":[
        {
          "item":"I'll reboot the mobile GB firewall, that should port the SQL array!",
          "id": "ram",
          "checked":false,
          "children":[
            
          ]
        },
        {
          "item":"We need to generate the virtual FTP circuit!",
          "id": "matrix",
          "checked":false,
          "children":[
            
          ]
        }
      ]
    },
    {
      "item":"The SAS matrix is down, transmit the wireless interface so we can transmit the ADP bus!",
      "id": "bluetooth",
      "checked":false,
      "children":[
        
      ]
    },
    {
      "item":"The JSON sensor is down, copy the back-end program so we can index the PNG monitor!",
      "id": "driver",
      "checked":false,
      "children":[
        
      ]
    },
    {
      "item":"Try to navigate the EXE card, maybe it will compress the online bandwidth!",
      "id": "panel",
      "checked":true,
      "children":[
        {
          "item":"The XML panel is down, back up the mobile interface so we can reboot the JBOD transmitter!",
          "id": "system",
          "checked":false,
          "children":[
            
          ]
        },
        {
          "item":"We need to hack the open-source RAM sensor!",
          "id": "connecting",
          "checked":false,
          "children":[
            {
              "item":"You can't copy the matrix without programming the optical RSS card!",
              "id": "driver",
              "checked":true,
              "children":[
                
              ]
            },
            {
              "item":"I'll hack the open-source SMTP feed, that should driver the IB firewall!",
              "id": "application",
              "checked":true,
              "children":[
                {
                  "item":"If we hack the card, we can get to the GB system through the redundant CSS program!",
                  "id": "protocol",
                  "checked":false,
                  "children":[
                    
                  ]
                },
                {
                  "item":"If we navigate the matrix, we can get to the SAS microchip through the auxiliary XSS transmitter!",
                  "id": "alarm",
                  "checked":true,
                  "children":[
                    
                  ]
                }
              ]
            }
          ]
        }
      ]
    },
    {
      "item":"You can't generate the program without quantifying the redundant XML alarm!",
      "id": "program",
      "checked":true,
      "children":[
        
      ]
    }
  ]
}